text,label,specialization
"Не шевелись, механик, пока идёт диагностика.",Подождите,механик
"Постой на месте, механик, не трогай панель управления.",Подождите,механик
"инженер, стой спокойно, я закрою клапаны.",Подождите,инженер
"Стой на месте, механик, не открывай дверь.",Подождите,механик
"Подожди пару секунд, я закрою люк.",Подождите,помощник
"Оставайся у шлюза, Оливия, не заходи внутрь.",Подождите,помощник
"пилот, подожди подтверждения герметизации.",Подождите,капитан
"Жди подтверждения от капитана, электрик.",Подождите,инженер
"Не двигайся, Харпер, идёт продувка.",Подождите,помощник
"медик, стой спокойно, я закрою клапаны.",Подождите,врач
"Леон, не двигайся, пока не проверим отсек.",Подождите,помощник
"Иван, стой спокойно, идёт выравнивание давления.",Подождите,помощник
"Джек, оставайся в отсеке до моего сигнала.",Подождите,помощник
"Ожидай у двери, пока я осматриваю стенку.",Подождите,помощник
"Джек, стой на месте, пока я проверяю отсек.",Подождите,помощник
"пилот, не лезь пока, жди моего приказа.",Подождите,капитан
"Жди подтверждения от капитана, капитан.",Подождите,капитан
"медик, подожди подтверждения герметизации.",Подождите,врач
"Постой на месте, офицер, не трогай панель управления.",Подождите,офицер службы безопасности
"Оливия, не шевелись, уровень воды нестабилен.",Подождите,помощник
"Оставайся у шлюза, Джек, не заходи внутрь.",Подождите,помощник
"Леон, стой спокойно, идёт выравнивание давления.",Подождите,помощник
"Не шевелись, пилот, пока идёт диагностика.",Подождите,капитан
"Подожди, пока насос завершит цикл.",Подождите,помощник
"Жди, пока насос откачает воду.",Подождите,помощник
"Ричард, не двигайся, пока не проверим отсек.",Подождите,помощник
"офицер, подожди, давление ещё не стабилизировалось.",Подождите,офицер службы безопасности
"электрик, стой спокойно, я закрою клапаны.",Подождите,инженер
"механик, подожди, давление ещё не стабилизировалось.",Подождите,механик
"Жди подтверждения от капитана, инженер.",Подождите,инженер
"Харпер, не двигайся, пока не проверим отсек.",Подождите,помощник
"Не шевелись, медик, пока идёт диагностика.",Подождите,врач
"механик, стой спокойно, я закрою клапаны.",Подождите,механик
"Иван, подожди сигнала перед выходом.",Подождите,помощник
"Грейс, не шевелись, герметизация не завершена.",Подождите,помощник
"Харпер, не шевелись, уровень воды нестабилен.",Подождите,помощник
"Харпер, не шевелись, герметизация не завершена.",Подождите,помощник
"Леон, не шевелись, уровень воды нестабилен.",Подождите,помощник
"Постой у консоли, Иван, не нажимай ничего.",Подождите,помощник
"механик, жди команды, не двигайся пока.",Подождите,механик
"офицер, подожди подтверждения герметизации.",Подождите,офицер службы безопасности
"Постой у консоли, Оливия, не нажимай ничего.",Подождите,помощник
"Жди подтверждения от капитана, офицер.",Подождите,офицер службы безопасности
"Иван, не двигайся, жди когда я дам сигнал.",Подождите,помощник
"Жди, пока датчики покажут стабильность.",Подождите,помощник
"Оставайся у шлюза, Митчел, не заходи внутрь.",Подождите,помощник
"Оставайся на месте, Свен, шлюз ещё закрыт.",Подождите,помощник
"медик, стой спокойно, пока я осматриваю систему.",Подождите,врач
"Свен, не шевелись, уровень воды нестабилен.",Подождите,помощник
"Оставайся у шлюза, Ричард, не заходи внутрь.",Подождите,помощник
"Оставайся на месте, Леон, шлюз ещё закрыт.",Подождите,помощник
"Оставайся на месте, Митчел, шлюз ещё закрыт.",Подождите,помощник
"Не двигайся, Джек, идёт продувка.",Подождите,помощник
"инженер, не лезь пока, жди моего приказа.",Подождите,инженер
"Свен, не двигайся, пока не проверим отсек.",Подождите,помощник
"Свен, не шевелись, герметизация не завершена.",Подождите,помощник
"электрик, стой спокойно, пока я осматриваю систему.",Подождите,инженер
"Оливия, не шевелись, герметизация не завершена.",Подождите,помощник
"Постой у консоли, Ричард, не нажимай ничего.",Подождите,помощник
"Жди возле двери, не трогай замки.",Подождите,помощник
"Не двигайся, Леон, идёт продувка.",Подождите,помощник
"Митчел, не шевелись, уровень воды нестабилен.",Подождите,помощник
"Не двигайся, Грейс, идёт продувка.",Подождите,помощник
"Харпер, подожди сигнала перед выходом.",Подождите,помощник
"инженер, замри, пока не откроется дверь.",Подождите,инженер
"инженер, подожди, давление ещё не стабилизировалось.",Подождите,инженер
"Подожди немного, давление ещё растёт.",Подождите,помощник
"Жди, пока шлюз не продуется полностью.",Подождите,помощник
"Ричард, оставайся в отсеке до моего сигнала.",Подождите,помощник
"электрик, замри, пока не откроется дверь.",Подождите,инженер
"офицер, жди команды, не двигайся пока.",Подождите,офицер службы безопасности
"Не двигайся, пока сигнал не сменится на зелёный.",Подождите,помощник
"Оливия, не двигайся, пока не проверим отсек.",Подождите,помощник
"Митчел, стой спокойно, идёт выравнивание давления.",Подождите,помощник
"Грейс, не двигайся, жди когда я дам сигнал.",Подождите,помощник
"инженер, подожди подтверждения герметизации.",Подождите,инженер
"инженер, жди команды, не двигайся пока.",Подождите,инженер
"Джек, не двигайся, пока не проверим отсек.",Подождите,помощник
"Свен, оставайся в отсеке до моего сигнала.",Подождите,помощник
"Митчел, не двигайся, пока не проверим отсек.",Подождите,помощник
"Жди подтверждения от капитана, пилот.",Подождите,капитан
"Не шевелись, инженер, пока идёт диагностика.",Подождите,инженер
"Леон, не двигайся, жди когда я дам сигнал.",Подождите,помощник
"Стой на месте, медик, не открывай дверь.",Подождите,врач
"Митчел, не двигайся, жди когда я дам сигнал.",Подождите,помощник
"капитан, замри, пока не откроется дверь.",Подождите,капитан
"пилот, замри, пока не откроется дверь.",Подождите,капитан
"Стой на месте, капитан, не открывай дверь.",Подождите,капитан
"Постой у консоли, Леон, не нажимай ничего.",Подождите,помощник
"Ричард, стой спокойно, идёт выравнивание давления.",Подождите,помощник
"Подожди немного, я открою шлюз позже.",Подождите,помощник
"Стой на месте, офицер, не открывай дверь.",Подождите,офицер службы безопасности
"Джек, подожди сигнала перед выходом.",Подождите,помощник
"Грейс, не шевелись, уровень воды нестабилен.",Подождите,помощник
"Подожди немного, офицер, там может быть утечка.",Подождите,офицер службы безопасности
"Иван, оставайся в отсеке до моего сигнала.",Подождите,помощник
"Грейс, не двигайся, пока не проверим отсек.",Подождите,помощник
"пилот, жди команды, не двигайся пока.",Подождите,капитан
"Оставайся у шлюза, Грейс, не заходи внутрь.",Подождите,помощник
"офицер, стой спокойно, я закрою клапаны.",Подождите,офицер службы безопасности
"Джек, не шевелись, уровень воды нестабилен.",Подождите,помощник
"Оливия, подожди сигнала перед выходом.",Подождите,помощник
"Грейс, оставайся в отсеке до моего сигнала.",Подождите,помощник
"капитан, подожди, давление ещё не стабилизировалось.",Подождите,капитан
"Оставайся у шлюза, Свен, не заходи внутрь.",Подождите,помощник
"Иван, стой на месте, пока я проверяю отсек.",Подождите,помощник
"электрик, не лезь пока, жди моего приказа.",Подождите,инженер
"Грейс, стой спокойно, идёт выравнивание давления.",Подождите,помощник
"медик, жди команды, не двигайся пока.",Подождите,врач
"Митчел, оставайся в отсеке до моего сигнала.",Подождите,помощник
"Иван, не шевелись, герметизация не завершена.",Подождите,помощник
"Не двигайся, Оливия, идёт продувка.",Подождите,помощник
"Иван, не двигайся, пока не проверим отсек.",Подождите,помощник
"Не двигайся, Иван, идёт продувка.",Подождите,помощник
"Не шевелись, электрик, пока идёт диагностика.",Подождите,инженер
"Оставайся на месте, Ричард, шлюз ещё закрыт.",Подождите,помощник
"Митчел, стой на месте, пока я проверяю отсек.",Подождите,помощник
"медик, не лезь пока, жди моего приказа.",Подождите,врач
"Постой немного, я проверю уровень воды.",Подождите,помощник
"Леон, не шевелись, герметизация не завершена.",Подождите,помощник
"инженер, стой спокойно, пока я осматриваю систему.",Подождите,инженер
"Джек, не шевелись, герметизация не завершена.",Подождите,помощник
"Подожди немного, пилот, там может быть утечка.",Подождите,капитан
"Не двигайся, Свен, идёт продувка.",Подождите,помощник
"пилот, подожди, давление ещё не стабилизировалось.",Подождите,капитан
"Стой на месте, инженер, не открывай дверь.",Подождите,инженер
"Митчел, не шевелись, герметизация не завершена.",Подождите,помощник
"Харпер, стой спокойно, идёт выравнивание давления.",Подождите,помощник
"Ричард, стой на месте, пока я проверяю отсек.",Подождите,помощник
"Оставайся у шлюза, Леон, не заходи внутрь.",Подождите,помощник
"пилот, стой спокойно, я закрою клапаны.",Подождите,капитан
"медик, подожди, давление ещё не стабилизировалось.",Подождите,врач
"офицер, замри, пока не откроется дверь.",Подождите,офицер службы безопасности
"Ожидай у шлюза, не двигайся.",Подождите,помощник
"Подожди немного, инженер, там может быть утечка.",Подождите,инженер
"капитан, подожди подтверждения герметизации.",Подождите,капитан
"Свен, стой спокойно, идёт выравнивание давления.",Подождите,помощник
"Оставайся у шлюза, Харпер, не заходи внутрь.",Подождите,помощник
"Не двигайся, Ричард, идёт продувка.",Подождите,помощник
"Оставайся на месте, Харпер, шлюз ещё закрыт.",Подождите,помощник
"медик, замри, пока не откроется дверь.",Подождите,врач
"пилот, стой спокойно, пока я осматриваю систему.",Подождите,капитан
"Подожди немного, электрик, там может быть утечка.",Подождите,инженер
"Оливия, не двигайся, жди когда я дам сигнал.",Подождите,помощник
"Леон, стой на месте, пока я проверяю отсек.",Подождите,помощник
"капитан, стой спокойно, пока я осматриваю систему.",Подождите,капитан
"Грейс, стой на месте, пока я проверяю отсек.",Подождите,помощник
"Стой на месте, пилот, не открывай дверь.",Подождите,капитан
"электрик, подожди подтверждения герметизации.",Подождите,инженер
"Стой на месте, электрик, не открывай дверь.",Подождите,инженер
"капитан, не лезь пока, жди моего приказа.",Подождите,капитан
"электрик, жди команды, не двигайся пока.",Подождите,инженер
"Постой у консоли, Митчел, не нажимай ничего.",Подождите,помощник
"офицер, не лезь пока, жди моего приказа.",Подождите,офицер службы безопасности
"Постой на месте, инженер, не трогай панель управления.",Подождите,инженер
"Джек, стой спокойно, идёт выравнивание давления.",Подождите,помощник
"электрик, подожди, давление ещё не стабилизировалось.",Подождите,инженер
"Постой у консоли, Джек, не нажимай ничего.",Подождите,помощник
"Оставайся на месте, Иван, шлюз ещё закрыт.",Подождите,помощник
"Постой на месте, электрик, не трогай панель управления.",Подождите,инженер
"Грейс, подожди сигнала перед выходом.",Подождите,помощник
"Задержись у панели, я проверяю питание.",Подождите,помощник
"Жди подтверждения от капитана, механик.",Подождите,механик
"Леон, оставайся в отсеке до моего сигнала.",Подождите,помощник
"Оставайся на месте, Грейс, шлюз ещё закрыт.",Подождите,помощник
"Не двигайся, Митчел, идёт продувка.",Подождите,помощник
"Харпер, оставайся в отсеке до моего сигнала.",Подождите,помощник
"Не шевелись, офицер, пока идёт диагностика.",Подождите,офицер службы безопасности
"Постой, пока я не скажу идти дальше.",Подождите,помощник
"Подожди немного, капитан, там может быть утечка.",Подождите,капитан
"Постой на месте, пилот, не трогай панель управления.",Подождите,капитан
"Жди подтверждения от капитана, медик.",Подождите,врач
"Харпер, не двигайся, жди когда я дам сигнал.",Подождите,помощник
"капитан, стой спокойно, я закрою клапаны.",Подождите,капитан
"офицер, стой спокойно, пока я осматриваю систему.",Подождите,офицер службы безопасности
"Постой у консоли, Грейс, не нажимай ничего.",Подождите,помощник
"Оливия, оставайся в отсеке до моего сигнала.",Подождите,помощник
"Подожди немного, механик, там может быть утечка.",Подождите,механик
"Харпер, стой на месте, пока я проверяю отсек.",Подождите,помощник
"Не двигайся, идёт проверка систем.",Подождите,помощник
"Не шевелись, капитан, пока идёт диагностика.",Подождите,капитан
"Митчел, подожди сигнала перед выходом.",Подождите,помощник
"Оставайся у шлюза, Иван, не заходи внутрь.",Подождите,помощник
"Джек, не двигайся, жди когда я дам сигнал.",Подождите,помощник
"Ричард, подожди сигнала перед выходом.",Подождите,помощник
"Постой на месте, медик, не трогай панель управления.",Подождите,врач
"Оставайся на месте, пока я не проверю отсек.",Подождите,помощник
"Свен, не двигайся, жди когда я дам сигнал.",Подождите,помощник
"механик, замри, пока не откроется дверь.",Подождите,механик
"механик, не лезь пока, жди моего приказа.",Подождите,механик
"Ричард, не двигайся, жди когда я дам сигнал.",Подождите,помощник
"Ричард, не шевелись, герметизация не завершена.",Подождите,помощник
"капитан, жди команды, не двигайся пока.",Подождите,капитан
"механик, подожди подтверждения герметизации.",Подождите,механик
"Подожди немного, медик, там может быть утечка.",Подождите,врач
"Ричард, не шевелись, уровень воды нестабилен.",Подождите,помощник
"Постой у консоли, Харпер, не нажимай ничего.",Подождите,помощник
"Оливия, стой на месте, пока я проверяю отсек.",Подождите,помощник
"Леон, подожди сигнала перед выходом.",Подождите,помощник
"Постой на месте, капитан, не трогай панель управления.",Подождите,капитан
"Механик, залатай пробоину в корпусе возле реактора!",Устранить утечки,механик
"Вода поступает в балластную цистерну через трещину!",Устранить утечки,механик
"Капитан, в капитанском мостике течет иллюминатор!",Устранить утечки,капитан
"Инженер, нужна сварка в машинном отделении - течь в трубах!",Устранить утечки,инженер
"Джексон, проверь аккумуляторный отсек на течи!",Устранить утечки,помощник
"Врач, в медицинском бачке появилась трещина!",Устранить утечки,врач
"Миллер, принеси паяльник в шлюзовую камеру!",Устранить утечки,помощник
"Офицер безопасности, в арсенале пробоина в стене!",Устранить утечки,офицер службы безопасности
"Разгерметизация в шлюзе - поврежден дверной механизм!",Устранить утечки,механик
"Вильсон, завари трещину в топливной магистрали реактора!",Устранить утечки,инженер
"Вода поступает через вентиляционную систему кубрика!",Устранить утечки,механик
"Инженер, залатай дыру в системе охлаждения реактора!",Устранить утечки,инженер
"Браун, в отсеке с суперкапacиторами течет через потолок!",Устранить утечки,помощник
"Капитан, требуется сварка в навигационной рубке!",Устранить утечки,капитан
"Дэвис, в медицинском шкафу лопнул сварной шов!",Устранить утечки,помощник
"Помощник, залатай пробоину в коридоре у кислородного генератора!",Устранить утечки,помощник
"Офицер, в оружейном сейфе вода через стенную панель!",Устранить утечки,офицер службы безопасности
"Разгерметизация в отсеке с кислородными баллонами!",Устранить утечки,механик
"Андерсон, завари дыру возле сонарной станции!",Устранить утечки,инженер
"Вода хлещет из трубы охлаждения в машинном отделении!",Устранить утечки,механик
"Инженер, трещина в переборке реакторного отсека!",Устранить утечки,инженер
"Капитан, в каюте капитана течет через пол!",Устранить утечки,капитан
"Томпсон, в медицинской камере хранения поступает вода!",Устранить утечки,помощник
"Мартин, принеси инструменты для заделки течи в балласте!",Устранить утечки,помощник
"Офицер безопасности, проверь все шлюзы на утечки!",Устранить утечки,офицер службы безопасности
"Разгерметизация в системе вентиляции машинного отделения!",Устранить утечки,механик
"Гарсия, залатай пробоину возле гребных винтов!",Устранить утечки,инженер
"Вода сочится через потолок в кают-компании!",Устранить утечки,механик
"Инженер, завари трещину в балластной системе!",Устранить утечки,инженер
"Родригес, в радиорубке течь через коммуникационную панель!",Устранить утечки,помощник
"Врач, в холодильнике с медикаментами разгерметизация!",Устранить утечки,врач
"Помощник, залатай дыру в жилом отсеке у душевых!",Устранить утечки,помощник
"Ли, в камере заключения вода через решетку вентиляции!",Устранить утечки,офицер службы безопасности
"Разгерметизация в отсеке с запасными деталями!",Устранить утечки,механик
"Механик, завари пробоину в системе фильтрации воды!",Устранить утечки,механик
"Вода поступает через треснувшую трубу в электрощитовой!",Устранить утечки,механик
"Инженер, залатай течь в охлаждении реактора!",Устранить утечки,инженер
"Капитан, в сейфе капитана появилась трещина в стене!",Устранить утечки,капитан
"Врач, в лабораторном столе течет через вентиляцию!",Устранить утечки,врач
"Уокер, принеси заплатки для корпуса в носовой части!",Устранить утечки,помощник
"Офицер безопасности, завари дыру в оружейном складе!",Устранить утечки,офицер службы безопасности
"Разгерметизация в системе кондиционирования мостика!",Устранить утечки,механик
"Холл, залатай трещину возле гидравлики шлюза!",Устранить утечки,инженер
"Вода бьет из-под панели управления в машинном отделении!",Устранить утечки,механик
"Инженер, завари пробоину в распределительном щите!",Устранить утечки,инженер
"Капитан, в каюте капитана течет через потолок!",Устранить утечки,капитан
"Янг, в стерилизаторе разгерметизация пола!",Устранить утечки,помощник
"Помощник, залатай течь в грузовом отсеке у контейнеров!",Устранить утечки,помощник
"Офицер, в посту охраны вода через стену!",Устранить утечки,офицер службы безопасности
"Разгерметизация в отсеке с пищевыми запасами!",Устранить утечки,механик
"Кинг, завари дыру в системе отопления кубрика!",Устранить утечки,инженер
"Вода поступает через поврежденный клапан в реакторном отсеке!",Устранить утечки,механик
"Инженер, залатай трещину в переборке аккумуляторной!",Устранить утечки,инженер
"Райт, в коммуникационной рубке течь через панель!",Устранить утечки,помощник
"Врач, в морозильной камере разгерметизация стены!",Устранить утечки,врач
"Скотт, принеси сварку в носовой отсек к сонару!",Устранить утечки,помощник
"Офицер безопасности, проверь все шлюзы на течи!",Устранить утечки,офицер службы безопасности
"Разгерметизация в системе водоснабжения камбуза!",Устранить утечки,механик
"Грин, залатай пробоину возле радарной станции!",Устранить утечки,инженер
"Вода сочится через пол в каюте экипажа!",Устранить утечки,механик
"Инженер, завари трещину в балластной цистерне номер 2!",Устранить утечки,инженер
"Адамс, в кабинете капитана течет через стену!",Устранить утечки,помощник
"Врач, в аптечном шкафу вода через потолочную плитку!",Устранить утечки,врач
"Бейкер, залатай дыру в техническом тоннеле у проводки!",Устранить утечки,помощник
"Нельсон, в оружейной разгерметизация через пол!",Устранить утечки,офицер службы безопасности
"Разгерметизация в отсеке с запасным оборудованием!",Устранить утечки,механик
"Картер, завари пробоину в системе вентиляции!",Устранить утечки,инженер
"Вода хлещет из трубы охлаждения реактора!",Устранить утечки,механик
"Митчелл, залатай течь в переборке машинного отделения!",Устранить утечки,инженер
"Перес, в наблюдательном посту треснуло стекло!",Устранить утечки,помощник
"Врач, в изоляционной камере течет через решетку!",Устранить утечки,врач
"Робертс, принеси инструменты для сварки в кормовой отсек!",Устранить утечки,помощник
"Тёрнер, завари дыру в коридоре у поста охраны!",Устранить утечки,инженер
"Разгерметизация в канализационной системе душевой!",Устранить утечки,механик
"Филиппс, залатай трещину возле сонарного оборудования!",Устранить утечки,инженер
"Вода поступает через потолок в спортзале!",Устранить утечки,механик
"Кэмпбелл, завари пробоину в навигационной электронике!",Устранить утечки,инженер
"Паркер, в столовой капитана течь через пол!",Устранить утечки,помощник
"Эванс, в палате пациентов разгерметизация стены!",Устранить утечки,врач
"Помощник, залатай течь в системе кондиционирования!",Устранить утечки,помощник
"Эдвардс, в арсенале вода через потолочную панель!",Устранить утечки,офицер службы безопасности
"Разгерметизация в отсеке с аварийным снаряжением!",Устранить утечки,механик
"Коллинз, завари дыру в корпусе под килем!",Устранить утечки,инженер
"Вода бьет из поврежденной трубы в реакторном отсеке!",Устранить утечки,механик
"Стюарт, залатай трещину в системе водяных фильтров!",Устранить утечки,инженер
"Моррис, в рубке управления течет через окно!",Устранить утечки,механик
"Врач, в лабораторном холодильнике разгерметизация!",Устранить утечки,врач
"Роджерс, принеси материалы для заделки течи в балласте!",Устранить утечки,помощник
"Рид, проверь все вентиляционные шахты на утечки!",Устранить утечки,помощник
"Кук, залатай пробоину возле дизельного генератора!",Устранить утечки,инженер
"Вода поступает через трещину в корпусе грузового отсека!",Устранить утечки,механик
"Морган, завари течь в системе гидравлики!",Устранить утечки,инженер
"Белл, в каюте старпомa течет через потолок!",Устранить утечки,помощник
"Мерфи, в медицинском хранилище разгерметизация!",Устранить утечки,врач
"Бейли, залатай дыру у пульта управления реактором!",Устранить утечки,помощник
"Ривера, в оружейном сейфе вода через пол!",Устранить утечки,офицер службы безопасности
"Разгерметизация в отсеке с запасными батареями!",Устранить утечки,механик
"Кокс, завари пробоину в системе вентиляции камбуза!",Устранить утечки,инженер
"Ховард, вода хлещет из трубы в аккумуляторном отсеке!",Устранить утечки,механик
"Уорд, залатай трещину в переборке у шлюза 2!",Устранить утечки,инженер
"Торрес, в радиорубке течь через коммуникационный щит!",Устранить утечки,помощник
"Питерсон, в холодильнике с реагентами разгерметизация!",Устранить утечки,помощник
"Грей, залатай дыру в жилом отсеке у вентиляции!",Устранить утечки,помощник
"Рамирес, в камере хранения оружия вода через стену!",Устранить утечки,офицер службы безопасности
"Джеймс, разгерметизация в отсеке с инструментами!",Устранить утечки,помощник
"Уотсон, завари пробоину в системе охлаждения!",Устранить утечки,инженер
"Брукс, вода поступает через поврежденный клапан!",Устранить утечки,механик
"Келли, залатай течь в балластной системе номер 3!",Устранить утечки,инженер
"Сандерс, в каюте механика течет через пол!",Устранить утечки,помощник
"Прайс, в медицинской тумбе разгерметизация!",Устранить утечки,помощник
"Беннетт, принеси сварку к навигационному оборудованию!",Устранить утечки,помощник
"Вуд, завари дыру в коридоре у кислородного генератора!",Устранить утечки,инженер
"Разгерметизация в системе кондиционирования!",Устранить утечки,механик
"Барнс, залатай трещину возле гидравлики!",Устранить утечки,инженер
"Росс, вода бьет из-под панели в электрощитовой!",Устранить утечки,механик
"Хендерсон, завари пробоину в распределительном щите!",Устранить утечки,инженер
"Коулман, в каюте инженера течет через потолок!",Устранить утечки,помощник
"Дженкинс, в холодильнике с образцами разгерметизация!",Устранить утечки,помощник
"Перри, залатай течь в грузовом отсеке у ящиков!",Устранить утечки,помощник
"Пауэлл, в посту безопасности вода через стену!",Устранить утечки,офицер службы безопасности
"Разгерметизация в отсеке с запасными деталями!",Устранить утечки,механик
"Лонг, завари дыру в системе отопления!",Устранить утечки,инженер
"Паттерсон, вода поступает через поврежденный вентиль!",Устранить утечки,механик
"Хьюз, залатай трещину в переборке машинного отделения!",Устранить утечки,инженер
"Флорес, в коммуникационном центре течь через панель!",Устранить утечки,помощник
"Вашингтон, в морозильной камере разгерметизация!",Устранить утечки,помощник
"Батлер, принеси сварку в кормовой отсек к двигателям!",Устранить утечки,помощник
"Симмонс, проверь все технические тоннели на течи!",Устранить утечки,помощник
"Разгерметизация в системе водоснабжения!",Устранить утечки,механик
"Фостер, залатай пробоину возле радарного оборудования!",Устранить утечки,инженер
"Гонсалес, вода сочится через пол в каюте помощника!",Устранить утечки,помощник
"Брайант, завари трещину в балластной цистерне 1!",Устранить утечки,инженер
"Александр, в кабинете штурмана течет через стену!",Устранить утечки,помощник
"Рассел, в аптечном шкафу вода через потолок!",Устранить утечки,помощник
"Гриффин, залатай дыру в техническом отсеке!",Устранить утечки,помощник
"Диаз, в оружейной разгерметизация через пол!",Устранить утечки,офицер службы безопасности
"Разгерметизация в отсеке с аварийным снаряжением!",Устранить утечки,механик
"Хейс, завари пробоину в системе вентиляции!",Устранить утечки,инженер
"Майерс, вода хлещет из трубы в реакторном отсеке!",Устранить утечки,механик
"Форд, залатай течь в переборке аккумуляторной!",Устранить утечки,инженер
"Хамильтон, в наблюдательном посту треснуло стекло!",Устранить утечки,помощник
"Грэхем, в изоляторе течет через решетку вентиляции!",Устранить утечки,помощник
"Салливан, принеси инструменты для сварки в носовую часть!",Устранить утечки,помощник
"Уоллес, завари дыру в коридоре у медицинского отсека!",Устранить утечки,инженер
"Разгерметизация в канализационной системе!",Устранить утечки,механик
"Вудс, залатай трещину возле сонарного оборудования!",Устранить утечки,инженер
"Коул, вода поступает через потолок в спортзале!",Устранить утечки,механик
"Уэст, завари пробоину в навигационной системе!",Устранить утечки,инженер
"Джордан, в столовой экипажа течь через пол!",Устранить утечки,помощник
"Оуэнс, в палате пациентов разгерметизация стены!",Устранить утечки,врач
"Рейнольдс, залатай течь в системе кондиционирования!",Устранить утечки,инженер
"Фишер, в арсенале вода через потолочную панель!",Устранить утечки,офицер службы безопасности
"Разгерметизация в отсеке с запасными частями!",Устранить утечки,механик
"Эллис, завари дыру в корпусе у киля!",Устранить утечки,инженер
"Харрисон, вода бьет из поврежденной трубы!",Устранить утечки,механик
"Гибсон, залатай трещину в системе фильтров!",Устранить утечки,инженер
"Макдональд, в рубке управления течет через окно!",Устранить утечки,механик
"Круз, в лабораторном столе разгерметизация!",Устранить утечки,помощник
"Маршалл, принеси материалы для заделки течи!",Устранить утечки,помощник
"Ортис, проверь все шлюзовые камеры на утечки!",Устранить утечки,помощник
"Разгерметизация в системе вентиляции!",Устранить утечки,механик
"Гомес, залатай пробоину возле гребных винтов!",Устранить утечки,инженер
"Мюррей, вода поступает через трещину в корпусе!",Устранить утечки,механик
"Фриман, завари течь в системе гидравлики!",Устранить утечки,инженер
"Уэллс, в каюте офицера течет через потолок!",Устранить утечки,помощник
"Вебб, в медицинском шкафу разгерметизация!",Устранить утечки,врач
"Симпсон, залатай дыру у пульта управления!",Устранить утечки,помощник
"Стивенс, в оружейном сейфе вода через пол!",Устранить утечки,офицер службы безопасности
"Такер, разгерметизация в отсеке с батареями!",Устранить утечки,механик
"Портер, завари пробоину в системе вентиляции!",Устранить утечки,инженер
"Хантер, вода хлещет из трубы в машинном отделении!",Устранить утечки,механик
"Хикс, залатай трещину в переборке у шлюза!",Устранить утечки,инженер
"Кроуфорд, в радиорубке течь через панель!",Устранить утечки,помощник
"Генри, в холодильнике с реагентами разгерметизация!",Устранить утечки,помощник
"Бойд, залатай дыру в жилом отсеке!",Устранить утечки,помощник
"Мэйсон, в камере хранения оружия вода через стену!",Устранить утечки,офицер службы безопасности
"Моралес, разгерметизация в отсеке с инструментами!",Устранить утечки,помощник
"Кеннеди, завари пробоину в системе охлаждения!",Устранить утечки,инженер
"Уоррен, вода поступает через поврежденный клапан!",Устранить утечки,механик
"Диксон, залатай течь в балластной системе!",Устранить утечки,инженер
"Рамос, в каюте техника течет через пол!",Устранить утечки,помощник
"Рейес, в медицинской тумбе разгерметизация!",Устранить утечки,помощник
"Бернс, принеси сварку к навигационному оборудованию!",Устранить утечки,помощник
"Гордон, завари дыру в коридоре у генератора!",Устранить утечки,инженер
"Разгерметизация в системе кондиционирования!",Устранить утечки,механик
"Шоу, залатай трещину возле гидравлики!",Устранить утечки,инженер
"Холмс, вода бьет из-под панели в щитовой!",Устранить утечки,механик
"Рис, завари пробоину в распределительном щите!",Устранить утечки,инженер
"Робертсон, в каюте электрика течет через потолок!",Устранить утечки,помощник
"Хант, в холодильнике с образцами разгерметизация!",Устранить утечки,помощник
"Блэк, залатай течь в грузовом отсеке!",Устранить утечки,помощник
"Дэниелс, в посту охраны вода через стену!",Устранить утечки,офицер службы безопасности
"Палмер, разгерметизация в отсеке с запчастями!",Устранить утечки,механик
"Миллс, завари дыру в системе отопления!",Устранить утечки,инженер
"Николс, вода поступает через поврежденный вентиль!",Устранить утечки,механик
"Грант, залатай трещину в переборке машотсека!",Устранить утечки,инженер
"Найт, в коммуникационном центре течь через панель!",Устранить утечки,помощник
"Фергюсон, в морозильной камере разгерметизация!",Устранить утечки,помощник
"Роуз, принеси сварку в кормовой отсек!",Устранить утечки,помощник
"Стоун, проверь все технические тоннели на течи!",Устранить утечки,помощник
"Механик, убери пустые топливные стержни из реакторного отсека!",Очистить элементы,механик
"Инженер, собери разбросанные инструменты у станка!",Очистить элементы,инженер
"Кто оставил пустые банки от еды в коридоре? Уберите!",Очистить элементы,помощник
"Врач, прибери использованные шприцы и бинты!",Очистить элементы,врач
"Офицер, в арсенале валяются пустые обоймы - собери!",Очистить элементы,офицер службы безопасности
"Помощник, убери водоросли из балластных цистерн!",Очистить элементы,помощник
"В шлюзовой камере плавает мусор после погружения!",Очистить элементы,помощник
"Собрать разлитое топливо у заправочной станции!",Очистить элементы,помощник
"Кто-то разбросал детали у fabricator - убери!",Очистить элементы,инженер
"В медицинском отсеке валяются пустые упаковки медикаментов!",Очистить элементы,врач
"Убрать пустые кислородные баллоны из хранилища!",Очистить элементы,помощник
"В жилом отсеке повсюду разбросана одежда!",Очистить элементы,помощник
"Собрать сломанные детали после ремонта реактора!",Очистить элементы,инженер
"В камбузе гора грязной посуды - нужно вымыть!",Очистить элементы,помощник
"Убрать пустые патронные коробки из оружейной!",Очистить элементы,офицер службы безопасности
"В коридоре плавают обломки после столкновения!",Очистить элементы,помощник
"Прибрать разлитые химикаты у research station!",Очистить элементы,инженер
"Собрать пустые батарейки у дефибриллятора!",Очистить элементы,врач
"Убрать мусор из фильтров системы вентиляции!",Очистить элементы,механик
"В грузовом отсеке разорвался ящик с припасами!",Очистить элементы,помощник
"Собрать сломанные лампочки после короткого замыкания!",Очистить элементы,инженер
"Убрать пустые канистры из отсека с топливом!",Очистить элементы,механик
"Прибрать медицинские отходы после операции!",Очистить элементы,врач
"В аккумуляторном отсеке валяются старые провода!",Очистить элементы,инженер
"Собрать разбросанные патроны в тире!",Очистить элементы,офицер службы безопасности
"Убрать пустые упаковки от еды из холодильника!",Очистить элементы,помощник
"В машинном отделении разлито масло - вытереть!",Очистить элементы,механик
"Прибрать использованные батареи у фонарей!",Очистить элементы,помощник
"Собрать битое стекло от разбитого монитора!",Очистить элементы,инженер
"Убрать пустые баллончики от спрея из аптечки!",Очистить элементы,врач
"В научной лаборатории разлиты реагенты!",Очистить элементы,инженер
"Собрать старые картриджи от противогазов!",Очистить элементы,помощник
"Убрать мусор из дренажной системы!",Очистить элементы,механик
"Прибрать пустые упаковки от патронов!",Очистить элементы,офицер службы безопасности
"В каюте капитана разбросаны документы!",Очистить элементы,капитан
"Собрать использованные медикаменты у койки!",Очистить элементы,врач
"Убрать пустые бутылки из бара!",Очистить элементы,помощник
"В отсеке с батареями валяются старые аккумуляторы!",Очистить элементы,инженер
"Прибрать разлитое топливо у двигателя!",Очистить элементы,механик
"Собрать сломанные детали у деconstructor!",Очистить элементы,инженер
"Убрать пустые контейнеры из хранилища!",Очистить элементы,помощник
"В операционной использованные перчатки и маски!",Очистить элементы,врач
"Собрать старые провода у электрощита!",Очистить элементы,инженер
"Убрать мусор из системы фильтрации воды!",Очистить элементы,механик
"Прибрать пустые упаковки от инструментов!",Очистить элементы,инженер
"В трюме плавают обломки после атаки!",Очистить элементы,помощник
"Собрать разбросанные детали у upgrade station!",Очистить элементы,инженер
"Убрать использованные батареи у сонара!",Очистить элементы,инженер
"В медпункте валяются пустые упаковки пластырей!",Очистить элементы,врач
"Прибрать разлитые химикаты у medical fabricator!",Очистить элементы,врач
"Собрать пустые баллончики от гормонов!",Очистить элементы,врач
"Убрать мусор из системы охлаждения!",Очистить элементы,механик
"В арсенале разбросаны пустые магазины!",Очистить элементы,офицер службы безопасности
"Прибрать использованные шприцы от морфина!",Очистить элементы,врач
"Собрать старые фильтры от противогазов!",Очистить элементы,помощник
"Убрать пустые упаковки от еды из раздатчика!",Очистить элементы,помощник
"В грузовом отсеке разлито масло - вытереть!",Очистить элементы,помощник
"Прибрать использованные батареи у фонариков!",Очистить элементы,помощник
"Собрать битое стекло от разбитого иллюминатора!",Очистить элементы,инженер
"Убрать пустые баллоны от кислородного генератора!",Очистить элементы,механик
"В научном отсеке разлиты образцы - убрать!",Очистить элементы,инженер
"Собрать старые картриджи от дыхательных аппаратов!",Очистить элементы,помощник
"Убрать мусор из системы вентиляции!",Очистить элементы,механик
"Прибрать пустые упаковки от патронов в тире!",Очистить элементы,офицер службы безопасности
"В каюте механика разбросаны инструменты!",Очистить элементы,механик
"Собрать использованные медикаменты у медпункта!",Очистить элементы,врач
"Убрать пустые бутылки из кают-компании!",Очистить элементы,помощник
"В отсеке с реактором валяются старые детали!",Очистить элементы,механик
"Прибрать разлитое топливо у заправочного насоса!",Очистить элементы,механик
"Собрать сломанные компоненты у fabricator!",Очистить элементы,инженер
"Убрать пустые контейнеры из холодильника!",Очистить элементы,помощник
"В операционной использованные бинты и вата!",Очистить элементы,врач
"Собрать старые кабели у распределительного щита!",Очистить элементы,инженер
"Убрать мусор из фильтров балластной системы!",Очистить элементы,механик
"Прибрать пустые упаковки от деталей!",Очистить элементы,инженер
"В трюме плавают обломки механизмов!",Очистить элементы,помощник
"Собрать разбросанные компоненты у research station!",Очистить элементы,инженер
"Убрать использованные батареи у радара!",Очистить элементы,инженер
"В медотсеке валяются пустые упаковки антибиотиков!",Очистить элементы,врач
"Прибрать разлитые реактивы у химического стола!",Очистить элементы,инженер
"Собрать пустые ампулы от адреналина!",Очистить элементы,врач
"Убрать мусор из системы кондиционирования!",Очистить элементы,механик
"В оружейной разбросаны пустые гильзы!",Очистить элементы,офицер службы безопасности
"Прибрать использованные шприцы от антипаразита!",Очистить элементы,врач
"Собрать старые фильтры от дыхательных масок!",Очистить элементы,помощник
"Убрать пустые упаковки от еды из камбуза!",Очистить элементы,помощник
"В машинном отделении разлит электролит - убрать!",Очистить элементы,механик
"Прибрать использованные батареи у навигации!",Очистить элементы,инженер
"Собрать битое стекло от разбитых приборов!",Очистить элементы,инженер
"Убрать пустые баллоны от сварки!",Очистить элементы,инженер
"В лаборатории разлиты образцы крови - очистить!",Очистить элементы,врач
"Собрать старые картриджи от респираторов!",Очистить элементы,помощник
"Убрать мусор из дренажных помп!",Очистить элементы,механик
"Прибрать пустые упаковки от взрывчатки!",Очистить элементы,офицер службы безопасности
"В каюте инженера разбросаны чертежи!",Очистить элементы,инженер
"Собрать использованные перевязочные материалы!",Очистить элементы,врач
"Убрать пустые банки из кают экипажа!",Очистить элементы,помощник
"В отсеке с генераторами валяются старые фильтры!",Очистить элементы,механик
"Прибрать разлитое масло у гидравлики!",Очистить элементы,механик
"Собрать сломанные детали у медицинского сканера!",Очистить элементы,врач
"Убрать пустые контейнеры от образцов!",Очистить элементы,инженер
"В операционной использованные хирургические инструменты!",Очистить элементы,врач
"Собрать старые предохранители у щитка!",Очистить элементы,инженер
"Убрать мусор из системы рециркуляции воздуха!",Очистить элементы,механик
"Прибрать пустые упаковки от компонентов!",Очистить элементы,инженер
"В грузовом отсеке плавают обломки ящиков!",Очистить элементы,помощник
"Собрать разбросанные детали у модернизатора!",Очистить элементы,инженер
"Убрать использованные батареи у связи!",Очистить элементы,инженер
"В аптечке валяются пустые упаковки пластырей!",Очистить элементы,врач
"Прибрать разлитые растворы у медицинского стола!",Очистить элементы,врач
"Собрать пустые флаконы от антибиотиков!",Очистить элементы,врач
"Убрать мусор из системы отопления!",Очистить элементы,механик
"В тире разбросаны пустые гильзы от дробовика!",Очистить элементы,офицер службы безопасности
"Прибрать использованные шприцы от релаксанта!",Очистить элементы,врач
"Собрать старые фильтры от системы очистки!",Очистить элементы,механик
"Убрать пустые упаковки от консервов!",Очистить элементы,помощник
"В реакторном отсеке разлит теплоноситель!",Очистить элементы,механик
"Прибрать использованные батареи у сонара!",Очистить элементы,инженер
"Собрать битое стекло от разбитых ламп!",Очистить элементы,инженер
"Убрать пустые баллоны от огнетушителей!",Очистить элементы,помощник
"В научном отсеке разлиты химикаты - убрать!",Очистить элементы,инженер
"Собрать старые картриджи от дыхательных систем!",Очистить элементы,помощник
"Убрать мусор из водяных фильтров!",Очистить элементы,механик
"Прибрать пустые упаковки от патронов для револьвера!",Очистить элементы,офицер службы безопасности
"В каюте штурмана разбросаны карты!",Очистить элементы,капитан
"Собрать использованные бинты и марлю!",Очистить элементы,врач
"Убрать пустые бутылки из кают-компании!",Очистить элементы,помощник
"В отсеке с помпами валяются старые детали!",Очистить элементы,механик
"Прибрать разлитое топливо у двигателей!",Очистить элементы,механик
"Собрать сломанные компоненты у медицинского fabricator!",Очистить элементы,врач
"Убрать пустые контейнеры от реактивов!",Очистить элементы,инженер
"В операционной использованные перчатки и халаты!",Очистить элементы,врач
"Собрать старые провода у контрольной панели!",Очистить элементы,инженер
"Убрать мусор из системы вентиляции камбуза!",Очистить элементы,механик
"Прибрать пустые упаковки от электроники!",Очистить элементы,инженер
"В трюме плавают обломки оборудования!",Очистить элементы,помощник
"Собрать разбросанные детали у research bench!",Очистить элементы,инженер
"Убрать использованные батареи у навигационного компьютера!",Очистить элементы,инженер
"В медпункте валяются пустые упаковки болеутоляющих!",Очистить элементы,врач
"Прибрать разлитые растворы у химической станции!",Очистить элементы,инженер
"Собрать пустые ампулы от стабилизатора!",Очистить элементы,врач
"Убрать мусор из фильтров кондиционера!",Очистить элементы,механик
"В арсенале разбросаны пустые обоймы от автомата!",Очистить элементы,офицер службы безопасности
"Прибрать использованные шприцы от транквилизатора!",Очистить элементы,врач
"Собрать старые фильтры от системы регенерации!",Очистить элементы,механик
"Убрать пустые упаковки от сухпайков!",Очистить элементы,помощник
"В машинном отделении разлит антифриз!",Очистить элементы,механик
"Прибрать использованные батареи у радара!",Очистить элементы,инженер
"Собрать битое стекло от разбитых пробирок!",Очистить элементы,инженер
"Убрать пустые баллоны от дыхательных аппаратов!",Очистить элементы,помощник
"В лаборатории разлиты питательные среды!",Очистить элементы,инженер
"Собрать старые картриджи от фильтров воды!",Очистить элементы,механик
"Убрать мусор из дренажной системы душевых!",Очистить элементы,механик
"Прибрать пустые упаковки от взрывчатых веществ!",Очистить элементы,офицер службы безопасности
"В каюте электрика разбросаны схемы!",Очистить элементы,инженер
"Собрать использованные перевязочные пакеты!",Очистить элементы,врач
"Убрать пустые банки из кают офицеров!",Очистить элементы,помощник
"В отсеке с батареями валяются старые аккумуляторы!",Очистить элементы,инженер
"Прибрать разлитое масло у гидравлических систем!",Очистить элементы,механик
"Собрать сломанные детали у дефибриллятора!",Очистить элементы,врач
"Убрать пустые контейнеры от медицинских образцов!",Очистить элементы,врач
"В операционной использованные хирургические маски!",Очистить элементы,врач
"Собрать старые предохранители у электрощитовой!",Очистить элементы,инженер
"Убрать мусор из системы очистки воздуха!",Очистить элементы,механик
"Прибрать пустые упаковки от механических деталей!",Очистить элементы,инженер
"В грузовом отсеке плавают обломки контейнеров!",Очистить элементы,помощник
"Собрать разбросанные компоненты у upgrade bench!",Очистить элементы,инженер
"Убрать использованные батареи у коммуникатора!",Очистить элементы,инженер
"В аптечке валяются пустые упаковки жгутов!",Очистить элементы,врач
"Прибрать разлитые реактивы у science station!",Очистить элементы,инженер
"Собрать пустые флаконы от антирадиационных препаратов!",Очистить элементы,врач
"Убрать мусор из системы охлаждения реактора!",Очистить элементы,механик
"В тире разбросаны пустые гильзы от снайперской винтовки!",Очистить элементы,офицер службы безопасности
"Прибрать использованные шприцы от противоядия!",Очистить элементы,врач
"Собрать старые фильтры от системы вентиляции!",Очистить элементы,механик
"Убрать пустые упаковки от пищевых концентратов!",Очистить элементы,помощник
"В реакторном отсеке разлит тяжелая вода!",Очистить элементы,механик
"Прибрать использованные батареи у эхолота!",Очистить элементы,инженер
"Собрать битое стекло от разбитых мензурок!",Очистить элементы,инженер
"Убрать пустые баллоны от сварочного оборудования!",Очистить элементы,инженер
"В научном отсеке разлиты ферменты - очистить!",Очистить элементы,инженер
"Собрать старые картриджи от дыхательных приборов!",Очистить элементы,помощник
"Убрать мусор из водяных насосов!",Очистить элементы,механик
"Прибрать пустые упаковки от патронов для ПП!",Очистить элементы,офицер службы безопасности
"В каюте капитана разбросаны отчеты!",Очистить элементы,капитан
"Собрать использованные медицинские перчатки!",Очистить элементы,врач
"Убрать пустые бутылки из комнаты отдыха!",Очистить элементы,помощник
"В отсеке с генераторами валяются отработанные фильтры!",Очистить элементы,механик
"Прибрать разлитое топливо у топливных элементов!",Очистить элементы,механик
"Собрать сломанные компоненты у медицинского оборудования!",Очистить элементы,врач
"Убрать пустые контейнеры от биологических образцов!",Очистить элементы,врач
"В операционной использованные салфетки и тампоны!",Очистить элементы,врач
"Собрать старые кабели у пульта управления!",Очистить элементы,инженер
"Убрать мусор из системы вентиляции машинного отделения!",Очистить элементы,механик
"Прибрать пустые упаковки от электронных компонентов!",Очистить элементы,инженер
"В трюме плавают обломки научного оборудования!",Очистить элементы,помощник
"Собрать разбросанные детали у исследовательского стола!",Очистить элементы,инженер
"Убрать использованные батареи у навигационных приборов!",Очистить элементы,инженер
"В медпункте валяются пустые упаковки антисептиков!",Очистить элементы,врач
"Прибрать разлитые химикаты у лабораторного стола!",Очистить элементы,инженер
"Механик, реактор перегревается - нужен ремонт!",Ремонт повреждённых систем,механик
"Инженер, кислородный генератор сломался!",Ремонт повреждённых систем,инженер
"Джексон, навигационный компьютер завис - перезагрузи!",Ремонт повреждённых систем,помощник
"Сонар не работает, проверь панель управления!",Ремонт повреждённых систем,инженер
"Врач, медицинский fabricator сломан!",Ремонт повреждённых систем,врач
"Офицер безопасности, система освещения в коридоре мигает!",Ремонт повреждённых систем,офицер службы безопасности
"Капитан, рулевое управление отвечает с задержкой!",Ремонт повреждённых систем,капитан
"Помощник, дизельный генератор заглох!",Ремонт повреждённых систем,помощник
"Система вентиляции в машинном отделении не работает!",Ремонт повреждённых систем,механик
"Миллер, балластные помпы заклинило!",Ремонт повреждённых систем,помощник
"Вильсон, аккумуляторная батарея не заряжается!",Ремонт повреждённых систем,инженер
"Радар показывает помехи - проверь антенну!",Ремонт повреждённых систем,инженер
"Браун, система охлаждения реактора теряет давление!",Ремонт повреждённых систем,инженер
"Дэвис, шлюзовая камера не герметизируется!",Ремонт повреждённых систем,механик
"Система связи передает с искажениями!",Ремонт повреждённых систем,инженер
"Томпсон, гидравлика руля работает рывками!",Ремонт повреждённых систем,инженер
"Мартин, топливный насос реактора издает странные звуки!",Ремонт повреждённых систем,инженер
"Система фильтрации воды засорилась!",Ремонт повреждённых систем,механик
"Гарсия, навигационные огли не горят!",Ремонт повреждённых систем,инженер
"Родригес, компьютер жизнеобеспечения показывает ошибки!",Ремонт повреждённых систем,инженер
"Система пожаротушения в машинном отделении неактивна!",Ремонт повреждённых систем,механик
"Ли, эхолот выдает некорректные данные!",Ремонт повреждённых систем,инженер
"Андерсон, система рециркуляции воздуха в жилом отсеке сломана!",Ремонт повреждённых систем,механик
"Уокер, дверные механизмы в кормовом отсеке заедают!",Ремонт повреждённых систем,механик
"Система кондиционирования в медпункте перегревается!",Ремонт повреждённых систем,механик
"Холл, генератор кислорода производит недостаточно O2!",Ремонт повреждённых систем,инженер
"Янг, панель управления двигателями не отвечает!",Ремонт повреждённых систем,инженер
"Кинг, система гидропоники в оранжерее не работает!",Ремонт повреждённых систем,инженер
"Система аварийного освещения не включается!",Ремонт повреждённых систем,инженер
"Райт, помпы балластной системы работают на износ!",Ремонт повреждённых систем,механик
"Скотт, компьютер навигации постоянно перезагружается!",Ремонт повреждённых систем,инженер
"Грин, система связи с базой не устанавливает соединение!",Ремонт повреждённых систем,инженер
"Адамс, датчики давления в корпусе показывают сбои!",Ремонт повреждённых систем,инженер
"Бейкер, система вентиляции камбуза издает скрежет!",Ремонт повреждённых систем,механик
"Нельсон, аварийные клапаны реактора не срабатывают!",Ремонт повреждённых систем,инженер
"Картер, система оповещения работает прерывисто!",Ремонт повреждённых систем,инженер
"Митчелл, гидролокатор показывает ложные цели!",Ремонт повреждённых систем,инженер
"Перес, система очистки воды загрязнена!",Ремонт повреждённых систем,механик
"Робертс, двигатели вибрируют на высоких оборотах!",Ремонт повреждённых систем,механик
"Тёрнер, система стабилизации глубины сбоит!",Ремонт повреждённых систем,инженер
"Филиппс, медицинский сканер показывает ошибки калибровки!",Ремонт повреждённых систем,врач
"Кэмпбелл, система управления балластом не отвечает!",Ремонт повреждённых систем,инженер
"Паркер, компьютер тактической информации завис!",Ремонт повреждённых систем,инженер
"Эванс, система фильтрации воздуха в рубке засорена!",Ремонт повреждённых систем,механик
"Эдвардс, аварийный дизель-генератор не запускается!",Ремонт повреждённых систем,инженер
"Коллинз, система гидравлики шлюзов теряет давление!",Ремонт повреждённых систем,механик
"Стюарт, навигационные датчики показывают неверные координаты!",Ремонт повреждённых систем,инженер
"Моррис, система охлаждения аккумуляторов перегрета!",Ремонт повреждённых систем,инженер
"Роджерс, коммуникационная панель искрит при работе!",Ремонт повреждённых систем,инженер
"Рид, система управления освещением коротнула!",Ремонт повреждённых систем,инженер
"Кук, кислородные компрессоры работают с перебоями!",Ремонт повреждённых систем,инженер
"Морган, система стабилизации крена не функционирует!",Ремонт повреждённых систем,инженер
"Белл, медицинский холодильник не держит температуру!",Ремонт повреждённых систем,врач
"Мерфи, система аварийного затопления неактивна!",Ремонт повреждённых систем,механик
"Бейли, компьютер диагностики систем показывает сбои!",Ремонт повреждённых систем,инженер
"Ривера, система вентиляции грузового отсека забита!",Ремонт повреждённых систем,механик
"Кокс, гидравлика рулевых плоскостей протекает!",Ремонт повреждённых систем,механик
"Ховард, система регенерации кислорода требует ремонта!",Ремонт повреждённых систем,инженер
"Уорд, эхолот не определяет глубину!",Ремонт повреждённых систем,инженер
"Торрес, система управления энергопотреблением сбоит!",Ремонт повреждённых систем,инженер
"Питерсон, медицинский fabricator не производит медикаменты!",Ремонт повреждённых систем,врач
"Грей, система кондиционирования в оружейной перегрелась!",Ремонт повреждённых систем,механик
"Рамирес, аварийные фонари не включаются при отказе энергии!",Ремонт повреждённых систем,инженер
"Джеймс, система контроля давления в отсеках нестабильна!",Ремонт повреждённых систем,инженер
"Уотсон, компьютер навигации не сохраняет маршрут!",Ремонт повреждённых систем,инженер
"Брукс, система фильтрации топлива засорена!",Ремонт повреждённых систем,механик
"Келли, гидравлика дверей в медпункте не работает!",Ремонт повреждённых систем,механик
"Сандерс, система связи внутренняя перестала работать!",Ремонт повреждённых систем,инженер
"Прайс, кислородные датчики показывают некорректные значения!",Ремонт повреждённых систем,инженер
"Беннетт, система управления двигателями вибрирует!",Ремонт повреждённых систем,инженер
"Вуд, компьютер жизнеобеспечения требует перезагрузки!",Ремонт повреждённых систем,инженер
"Барнс, система пожаротушения в грузовом отсеке неактивна!",Ремонт повреждённых систем,механик
"Росс, навигационные огни мигают в случайном порядке!",Ремонт повреждённых систем,инженер
"Хендерсон, система вентиляции реакторного отсека сломана!",Ремонт повреждённых систем,механик
"Коулман, балластные цистерны не заполняются равномерно!",Ремонт повреждённых систем,механик
"Дженкинс, медицинский монитор показывает помехи!",Ремонт повреждённых систем,врач
"Перри, система управления дверьми шлюза не отвечает!",Ремонт повреждённых систем,механик
"Пауэлл, компьютер тактического анализа завис!",Ремонт повреждённых систем,инженер
"Лонг, система охлаждения генератора перегревается!",Ремонт повреждённых систем,инженер
"Паттерсон, гидролокатор не обнаруживает крупные объекты!",Ремонт повреждённых систем,инженер
"Хьюз, система рециркуляции воды в душевых сломана!",Ремонт повреждённых систем,механик
"Флорес, аварийные клапаны в машинном отделении заклинило!",Ремонт повреждённых систем,механик
"Вашингтон, система связи с другими субмаринами не работает!",Ремонт повреждённых систем,инженер
"Батлер, компьютер диагностики двигателя показывает ошибки!",Ремонт повреждённых систем,инженер
"Симмонс, система управления освещением в коридорах сбоит!",Ремонт повреждённых систем,инженер
"Фостер, кислородные генераторы работают на пределе!",Ремонт повреждённых систем,инженер
"Гонсалес, система стабилизации курса не функционирует!",Ремонт повреждённых систем,инженер
"Брайант, медицинский дефибриллятор не заряжается!",Ремонт повреждённых систем,врач
"Александр, система вентиляции в каютах не работает!",Ремонт повреждённых систем,механик
"Рассел, гидравлика рулевых механизмов протекает!",Ремонт повреждённых систем,механик
"Гриффин, компьютер управления системами перегружен!",Ремонт повреждённых систем,инженер
"Диаз, система фильтрации воздуха в лаборатории засорена!",Ремонт повреждённых систем,механик
"Хейс, аварийный генератор не выдает достаточную мощность!",Ремонт повреждённых систем,инженер
"Майерс, система контроля температуры в отсеках нестабильна!",Ремонт повреждённых систем,инженер
"Форд, навигационные датчики показывают помехи!",Ремонт повреждённых систем,инженер
"Хамильтон, система управления балластом работает с перебоями!",Ремонт повреждённых систем,инженер
"Грэхем, медицинский сканер не калибруется!",Ремонт повреждённых систем,врач
"Салливан, система связи внутренняя искажает голос!",Ремонт повреждённых систем,инженер
"Уоллес, кислородные компрессоры издают странные звуки!",Ремонт повреждённых систем,инженер
"Вудс, компьютер навигации не определяет местоположение!",Ремонт повреждённых систем,инженер
"Коул, система охлаждения реактора теряет хладагент!",Ремонт повреждённых систем,инженер
"Уэст, гидравлика шлюзовых дверей работает медленно!",Ремонт повреждённых систем,механик
"Джордан, система аварийного оповещения не функционирует!",Ремонт повреждённых систем,инженер
"Оуэнс, медицинский fabricator не принимает команды!",Ремонт повреждённых систем,врач
"Рейнольдс, система вентиляции в оружейной сломана!",Ремонт повреждённых систем,механик
"Фишер, балластные помпы не откачивают воду!",Ремонт повреждённых систем,механик
"Эллис, компьютер управления энергосистемой показывает сбои!",Ремонт повреждённых систем,инженер
"Харрисон, система связи с базой прерывается!",Ремонт повреждённых систем,инженер
"Гибсон, кислородные датчики в жилом отсеке не работают!",Ремонт повреждённых систем,инженер
"Макдональд, система стабилизации глубины не держит заданную!",Ремонт повреждённых систем,инженер
"Круз, гидравлика рулевых плоскостей вибрирует!",Ремонт повреждённых систем,механик
"Маршалл, медицинский монитор жизненных показателей сбоит!",Ремонт повреждённых систем,врач
"Ортис, система управления дверьми в кормовом отсеке не работает!",Ремонт повреждённых систем,механик
"Гомес, компьютер тактического анализа не обрабатывает данные!",Ремонт повреждённых систем,инженер
"Мюррей, система охлаждения аккумуляторов не функционирует!",Ремонт повреждённых систем,инженер
"Фриман, гидролокатор показывает артефакты!",Ремонт повреждённых систем,инженер
"Уэллс, система рециркуляции воздуха в медпункте сломана!",Ремонт повреждённых систем,механик
"Вебб, аварийные клапаны в реакторном отсеке не открываются!",Ремонт повреждённых систем,механик
"Симпсон, система связи внешняя не устанавливает контакт!",Ремонт повреждённых систем,инженер
"Стивенс, компьютер диагностики систем не запускается!",Ремонт повреждённых систем,инженер
"Такер, система управления освещением в машинном отделении сбоит!",Ремонт повреждённых систем,инженер
"Портер, кислородные генераторы производят недостаточно O2!",Ремонт повреждённых систем,инженер
"Хантер, система стабилизации крена работает рывками!",Ремонт повреждённых систем,инженер
"Хикс, медицинский дефибриллятор не держит заряд!",Ремонт повреждённых систем,врач
"Кроуфорд, система вентиляции в каютах не справляется!",Ремонт повреждённых систем,механик
"Генри, гидравлика рулевых механизмов издает скрежет!",Ремонт повреждённых систем,механик
"Бойд, компьютер управления системами зависает!",Ремонт повреждённых систем,инженер
"Мэйсон, система фильтрации воздуха в рубке требует чистки!",Ремонт повреждённых систем,механик
"Моралес, аварийный генератор не запускается автоматически!",Ремонт повреждённых систем,инженер
"Кеннеди, система контроля температуры в отсеках перегрета!",Ремонт повреждённых систем,инженер
"Уоррен, навигационные датчики не определяют глубину!",Ремонт повреждённых систем,инженер
"Диксон, система управления балластом нестабильна!",Ремонт повреждённых систем,инженер
"Рамос, медицинский сканер показывает некорректные данные!",Ремонт повреждённых систем,врач
"Рейес, система связи внутренняя прерывается!",Ремонт повреждённых систем,инженер
"Бернс, кислородные компрессоры перегреваются!",Ремонт повреждённых систем,инженер
"Гордон, компьютер навигации не строит маршрут!",Ремонт повреждённых систем,инженер
"Шоу, система охлаждения реактора показывает утечку!",Ремонт повреждённых систем,инженер
"Холмс, гидравлика шлюзовых дверей не герметизирует!",Ремонт повреждённых систем,механик
"Рис, система аварийного оповещения не издает звук!",Ремонт повреждённых систем,инженер
"Робертсон, медицинский fabricator не распознает компоненты!",Ремонт повреждённых систем,врач
"Хант, система вентиляции в оружейной не работает!",Ремонт повреждённых систем,механик
"Блэк, балластные помпы не реагируют на команды!",Ремонт повреждённых систем,механик
"Дэниелс, компьютер управления энергосистемой перегружен!",Ремонт повреждённых систем,инженер
"Палмер, система связи с базой теряет сигнал!",Ремонт повреждённых систем,инженер
"Миллс, кислородные датчики в медпункте неисправны!",Ремонт повреждённых систем,инженер
"Николс, система стабилизации глубины сбоит при маневрах!",Ремонт повреждённых систем,инженер
"Грант, гидравлика рулевых плоскостей теряет давление!",Ремонт повреждённых систем,механик
"Найт, медицинский монитор показывает случайные значения!",Ремонт повреждённых систем,врач
"Фергюсон, система управления дверьми в носовом отсеке не работает!",Ремонт повреждённых систем,механик
"Роуз, компьютер тактического анализа не обновляет данные!",Ремонт повреждённых систем,инженер
"Стоун, система охлаждения аккумуляторов не справляется!",Ремонт повреждённых систем,инженер
"Хокинс, гидролокатор не обнаруживает мелкие объекты!",Ремонт повреждённых систем,инженер
"Данн, система рециркуляции воздуха в лаборатории сломана!",Ремонт повреждённых систем,механик
"Перкинс, аварийные клапаны в машинном отделении не закрываются!",Ремонт повреждённых систем,механик
"Хадсон, система связи внешняя передает шум!",Ремонт повреждённых систем,инженер
"Спенсер, компьютер диагностики систем не отвечает!",Ремонт повреждённых систем,инженер
"Гарднер, система управления освещом в грузовом отсеке сбоит!",Ремонт повреждённых систем,инженер
"Стивенс, кислородные генераторы потребляют слишком много энергии!",Ремонт повреждённых систем,инженер
"Пейн, система стабилизации крена не выравнивает субмарину!",Ремонт повреждённых систем,инженер
"Пирс, медицинский дефибриллятор не функционирует!",Ремонт повреждённых систем,врач
"Берри, система вентиляции в каютах не очищает воздух!",Ремонт повреждённых систем,механик
"Мэтьюз, гидравлика рулевых механизмов работает с перебоями!",Ремонт повреждённых систем,механик
"Арнольд, компьютер управления системами показывает синий экран!",Ремонт повреждённых систем,инженер
"Вагнер, система фильтрации воздуха в медпункте засорена!",Ремонт повреждённых систем,механик
"Уиллис, аварийный генератор не выдает стабильное напряжение!",Ремонт повреждённых систем,инженер
"Рэй, система контроля температуры в отсеках показывает аномалии!",Ремонт повреждённых систем,инженер
"Уоткинс, навигационные датчики не определяют направление!",Ремонт повреждённых систем,инженер
"Олсон, система управления балластом не держит заданную глубину!",Ремонт повреждённых систем,инженер
"Кэрролл, медицинский сканер не диагностирует повреждения!",Ремонт повреждённых систем,врач
"Данкан, система связи внутренняя полностью отключилась!",Ремонт повреждённых систем,инженер
"Снайдер, кислородные компрессоры издают тревожные звуки!",Ремонт повреждённых систем,инженер
"Харт, компьютер навигации не сохраняет путевые точки!",Ремонт повреждённых систем,инженер
"Каннингем, система охлаждения реактора аварийно отключилась!",Ремонт повреждённых систем,инженер
"Брэдли, гидравлика шлюзовых дверей блокируется!",Ремонт повреждённых систем,механик
"Лейн, система аварийного оповещения не активируется!",Ремонт повреждённых систем,инженер
"Эндрюс, медицинский fabricator не производит комплектующие!",Ремонт повреждённых систем,врач
"Руис, система вентиляции в оружейной показывает ошибки!",Ремонт повреждённых систем,механик
"Харпер, балластные помпы не регулируют плавучесть!",Ремонт повреждённых систем,механик
"Фокс, компьютер управления энергосистемой не распределяет нагрузку!",Ремонт повреждённых систем,инженер
"Райли, система связи с базой не принимает сообщения!",Ремонт повреждённых систем,инженер
"Армстронг, кислородные датчики в жилом отсеке показывают ноль!",Ремонт повреждённых систем,инженер
"Карпентер, система стабилизации глубины не работает!",Ремонт повреждённых систем,инженер
"Уивер, гидравлика рулевых плоскостей полностью отказала!",Ремонт повреждённых систем,механик
"Грин, медицинский монитор не отображает жизненные показатели!",Ремонт повреждённых систем,врач
"Лоуренс, система управления дверьми в кормовом отсеке заблокирована!",Ремонт повреждённых систем,механик
"Эллиот, компьютер тактического анализа не обрабатывает радарные данные!",Ремонт повреждённых систем,инженер
"Чавес, система охлаждения аккумуляторов показывает критические значения!",Ремонт повреждённых систем,инженер
"Симс, гидролокатор не определяет рельеф дна!",Ремонт повреждённых систем,инженер
"Остин, система рециркуляции воздуха в медпункте загрязнена!",Ремонт повреждённых систем,механик
"Питерс, аварийные клапаны в реакторном отсеке не реагируют!",Ремонт повреждённых систем,механик
"Келли, система связи внешняя не передает координаты!",Ремонт повреждённых систем,инженер
"Франклин, компьютер диагностики систем показывает фатальные ошибки!",Ремонт повреждённых систем,инженер
"Лоусон, система управления освещением в машинном отделении отключилась!",Ремонт повреждённых систем,инженер
"Филдс, кислородные генераторы полностью отказали!",Ремонт повреждённых систем,инженер
"Гутьеррес, система стабилизации крена не выравнивает лодку!",Ремонт повреждённых систем,инженер
"Райан, медицинский дефибриллятор неисправен!",Ремонт повреждённых систем,врач
"Шмидт, система вентиляции в каютах не удаляет CO2!",Ремонт повреждённых систем,механик
"Карр, гидравлика рулевых механизмов требует срочного ремонта!",Ремонт повреждённых систем,механик
"Васкес, компьютер управления системами аварийно отключился!",Ремонт повреждённых систем,инженер
"Кастильо, система фильтрации воздуха в лаборатории не функционирует!",Ремонт повреждённых систем,механик